{"cameraMode":{"drawMode":0,"name":"Shaded","section":"Shading Mode"},"sceneLighting":true,"audioPlay":false,"sceneViewState":{"showFog":false,"showMaterialUpdate":false,"showSkybox":false,"showFlares":false,"showImageEffects":false,"showParticleSystems":false},"in2DMode":false,"pivot":{"x":-0.14458370208740235,"y":0.3788111209869385,"z":-2.2638092041015627},"rotation":{"x":-0.06087026745080948,"y":0.8590630888938904,"z":-0.10516289621591568,"w":-0.497241348028183},"size":10.0,"orthographic":false}